;6 мая 2020;7 мая 2020;8 мая 2020;9 мая 2020;10 мая 2020;11 мая 2020;12 мая 2020;13 мая 2020;14 мая 2020;15 мая 2020;16 мая 2020;17 мая 2020;18 мая 2020;19 мая 2020;20 мая 2020;21 мая 2020;22 мая 2020;23 мая 2020;24 мая 2020;25 мая 2020;26 мая 2020;27 мая 2020;28 мая 2020;29 мая 2020;30 мая 2020;31 мая 2020;1 июня 2020;2 июня 2020;3 июня 2020;4 июня 2020;5 июня 2020;6 июня 2020;7 июня 2020;8 июня 2020;9 июня 2020;10 июня 2020;11 июня 2020;12 июня 2020;13 июня 2020;14 июня 2020;15 июня 2020;16 июня 2020;17 июня 2020;18 июня 2020;19 июня 2020;20 июня 2020;21 июня 2020;22 июня 2020;23 июня 2020;24 июня 2020;25 июня 2020;26 июня 2020;27 июня 2020;28 июня 2020;29 июня 2020;30 июня 2020;1 июля 2020;2 июля 2020;3 июля 2020;4 июля 2020;5 июля 2020;6 июля 2020;7 июля 2020;8 июля 2020;9 июля 2020;10 июля 2020;11 июля 2020;12 июля 2020;13 июля 2020;14 июля 2020;15 июля 2020;16 июля 2020;17 июля 2020;18 июля 2020;19 июля 2020;20 июля 2020;21 июля 2020;22 июля 2020;23 июля 2020;24 июля 2020;25 июля 2020;26 июля 2020;27 июля 2020;28 июля 2020;29 июля 2020;30 июля 2020;31 июля 2020;1 авг. 2020;2 авг. 2020;3 авг. 2020;4 авг. 2020;5 авг. 2020;6 авг. 2020;7 авг. 2020;8 авг. 2020;9 авг. 2020;10 авг. 2020;11 авг. 2020;12 авг. 2020;13 авг. 2020;14 авг. 2020;15 авг. 2020;16 авг. 2020;17 авг. 2020;18 авг. 2020;19 авг. 2020;20 авг. 2020;21 авг. 2020;22 авг. 2020;23 авг. 2020;24 авг. 2020;25 авг. 2020;26 авг. 2020;27 авг. 2020;28 авг. 2020;29 авг. 2020;30 авг. 2020;31 авг. 2020;1 сент. 2020;2 сент. 2020;3 сент. 2020;4 сент. 2020;5 сент. 2020;6 сент. 2020;7 сент. 2020;8 сент. 2020;9 сент. 2020;10 сент. 2020;11 сент. 2020;12 сент. 2020;13 сент. 2020;14 сент. 2020;15 сент. 2020;16 сент. 2020;17 сент. 2020;18 сент. 2020;19 сент. 2020;20 сент. 2020;21 сент. 2020;22 сент. 2020;23 сент. 2020;24 сент. 2020;25 сент. 2020;26 сент. 2020;27 сент. 2020;28 сент. 2020;29 сент. 2020;30 сент. 2020;1 окт. 2020;2 окт. 2020;3 окт. 2020;4 окт. 2020;5 окт. 2020;6 окт. 2020;7 окт. 2020;8 окт. 2020;9 окт. 2020;10 окт. 2020;11 окт. 2020;12 окт. 2020;13 окт. 2020;14 окт. 2020;15 окт. 2020;16 окт. 2020;17 окт. 2020;18 окт. 2020;19 окт. 2020;20 окт. 2020;21 окт. 2020;22 окт. 2020;23 окт. 2020;24 окт. 2020;25 окт. 2020;26 окт. 2020;27 окт. 2020;28 окт. 2020;29 окт. 2020;30 окт. 2020;31 окт. 2020;1 нояб. 2020;2 нояб. 2020;3 нояб. 2020;4 нояб. 2020;5 нояб. 2020;6 нояб. 2020;7 нояб. 2020;8 нояб. 2020;9 нояб. 2020;10 нояб. 2020;11 нояб. 2020;12 нояб. 2020;13 нояб. 2020;14 нояб. 2020;15 нояб. 2020;16 нояб. 2020;17 нояб. 2020;18 нояб. 2020;19 нояб. 2020;20 нояб. 2020;21 нояб. 2020;22 нояб. 2020;23 нояб. 2020;24 нояб. 2020;25 нояб. 2020;26 нояб. 2020;27 нояб. 2020;28 нояб. 2020;29 нояб. 2020;30 нояб. 2020;1 дек. 2020;2 дек. 2020;3 дек. 2020;4 дек. 2020;5 дек. 2020;6 дек. 2020;7 дек. 2020;8 дек. 2020;9 дек. 2020;10 дек. 2020;11 дек. 2020;12 дек. 2020;13 дек. 2020;14 дек. 2020;15 дек. 2020;16 дек. 2020;17 дек. 2020;18 дек. 2020;19 дек. 2020;20 дек. 2020;21 дек. 2020;22 дек. 2020;23 дек. 2020;24 дек. 2020;25 дек. 2020;26 дек. 2020;27 дек. 2020;28 дек. 2020;29 дек. 2020;30 дек. 2020;31 дек. 2020;1 января;2 января;3 января;4 января;5 января;6 января;7 января;8 января;9 января;10 января;11 января;12 января;13 января;14 января;15 января;16 января;17 января;18 января;19 января;20 января;21 января;22 января;23 января;24 января;25 января;26 января;27 января;28 января;29 января;30 января;31 января;1 февраля;2 февраля;3 февраля;4 февраля;5 февраля;6 февраля;7 февраля;8 февраля;9 февраля;10 февраля;11 февраля;12 февраля;13 февраля;14 февраля;15 февраля;16 февраля;17 февраля;18 февраля;19 февраля;20 февраля;21 февраля;22 февраля;23 февраля;24 февраля;25 февраля;26 февраля;27 февраля;28 февраля;1 марта;2 марта;3 марта;4 марта;5 марта;6 марта;7 марта;8 марта;9 марта;10 марта;11 марта;12 марта;13 марта;14 марта;15 марта;16 марта;17 марта;18 марта;19 марта;20 марта;21 марта;22 марта;23 марта;24 марта;25 марта;26 марта;27 марта;28 марта;29 марта;30 марта;31 марта;1 апреля;2 апреля;3 апреля;4 апреля;5 апреля;6 апреля;7 апреля;8 апреля;9 апреля;10 апреля;11 апреля;12 апреля;13 апреля;14 апреля;15 апреля;16 апреля;17 апреля;18 апреля;19 апреля;20 апреля;21 апреля;22 апреля;23 апреля;24 апреля;25 апреля;26 апреля;27 апреля;28 апреля;29 апреля;30 апреля;1 мая;2 мая;3 мая;4 мая;5 мая;6 мая;7 мая;8 мая;9 мая;10 мая;11 мая;12 мая;13 мая;14 мая;15 мая;16 мая;17 мая;18 мая;19 мая;20 мая;21 мая;22 мая;23 мая;24 мая;25 мая;26 мая;27 мая;28 мая;29 мая;30 мая;31 мая;01 июня;02 июня;03 июня;04 июня;5 июня;6 июня;7 июня;8 июня;9 июня;10 июня;11 июня;12 июня;13 июня;14 июня;15 июня;16 июня;17 июня;18 июня;19 июня;20 июня;21 июня;22 июня;23 июня;24 июня;25 июня;26 июня;27 июня;28 июня;29 июня;30 июня;1 июля;2 июля;3 июля;4 июля;5 июля;6 июля;7 июля;8 июля;9 июля;10 июля;11 июля;12 июля;13 июля;14 июля;15 июля;16 июля;17 июля;18 июля;19 июля;20 июля;21 июля;22 июля;23 июля;24 июля;25 июля;26 июля;27 июля;28 июля;29 июля;30 июля;31 июля;1 августа;2 августа;3 августа;4 августа;5 августа;6 августа;7 августа;8 августа;9 августа;10 августа;11 августа;12 августа;13 августа;14 августа;15 августа;16 августа;17 августа;18 августа;19 августа;20 августа
Владимир;163;175;184;191;229;249;257;268;285;310;326;342;352;365;377;401;419;435;453;472;492;493;503;522;539;559;576;580;588;603;616;633;649;659;671;685;698;707;711;714;722;732;734;737;744;753;762;773;778;782;787;794;799;802;810;813;817;822;828;832;838;840;843;848;852;857;861;866;871;874;880;887;892;900;906;911;914;919;925;929;934;941;946;953;954;957;960;962;965;970;972;975;977;979;981;985;988;990;993;997;1001;1005;1009;1012;1015;1017;1019;1021;1022;1026;1030;1034;1039;1044;1050;1055;1063;1069;1077;1083;1089;1096;1102;1111;1119;1129;1136;1145;1156;1166;1175;1182;1188;1197;1207;1217;1226;1232;1238;1247;1255;1263;1269;1274;1278;1285;1294;1302;1312;1318;1326;1335;1343;1353;1362;1370;1381;1391;1397;1409;1424;1437;1451;1466;1482;1500;1520;1537;1555;1573;1590;1608;1628;1644;1662;1676;1695;1715;1737;1757;1778;1800;1820;1843;1862;1882;1902;1923;1942;1962;1983;2001;2021;2038;2056;2072;2092;2111;2136;2160;2185;2208;2234;2259;2282;2308;2333;2364;2399;2432;2468;2508;2546;2580;2618;2651;2690;2728;2768;2809;2848;2894;2943;2990;3036;3083;3128;3176;3222;3267;3317;3361;3410;3460;3511;3567;3620;3670;3719;3771;3824;3874;3925;3977;4025;4066;4110;4152;4194;4230;4268;4308;4345;4383;4423;4465;4504;4540;4577;4620;4662;4701;4742;4779;4818;4854;4891;4931;4974;5021;5064;5104;5143;5184;5226;5269;5311;5344;5376;5412;5451;5492;5532;5568;5605;5644;5676;5715;5750;5783;5822;5859;5900;5939;5973;6010;6048;6079;6117;6153;6190;6224;6256;6293;6325;6353;6378;6391;6410;6433;6453;6477;6503;6526;6544;6564;6583;6604;6628;6653;6676;6700;6723;6743;6762;6782;6800;6816;6833;6849;6868;6886;6903;6921;6937;6952;6968;6983;6999;7017;7032;7051;7067;7084;7102;7118;7133;7149;7163;7181;7196;7212;7225;7239;7254;7268;7281;7295;7310;7322;7335;7347;7358;7370;7381;7394;7409;7421;7434;7445;7457;7468;7478;7490;7501;7511;7521;7532;7544;7557;7567;7579;7589;7600;7608;7617;7627;7636;7644;7655;7668;7677;7689;7699;7708;7719;7727;7738;7748;7756;7765;7773;7783;7792;7800;7809;7819;7832;7847;7864;7882;7898;7917;7943;7974;8012;8060;8113;8175;8230;8289;8354;8422;8488;8552;8615;8684;8755;8820;8888;8951;9026;9098;9168;9235;9308;9377;9438;9502;9562;9624;9679;9729;9783;9834;9886;9934;9984;10035;10090;10143;10195;10249;10297;10348;10398;10450;10504;10564;10620;10671;10724;10776;10819;10861;10899;10934;10966;10993;11018;11046;11072
Александровский р-н;75;75;87;90;111;117;120;132;137;148;150;159;170;185;191;201;201;203;208;211;216;222;227;238;242;246;250;262;262;270;275;275;283;283;286;290;290;291;294;298;307;309;310;313;315;319;323;325;325;330;334;334;334;337;337;343;346;350;355;361;361;369;375;375;377;380;384;386;390;392;396;396;397;397;401;403;406;411;414;417;421;425;425;425;425;426;426;428;430;433;435;436;436;436;437;440;444;447;450;451;452;452;455;457;459;459;461;462;464;464;465;465;467;468;469;471;471;473;473;474;476;476;477;478;479;481;485;489;490;492;492;493;495;497;498;498;505;511;511;519;526;532;534;536;542;547;554;554;562;568;573;580;588;595;599;601;604;610;618;625;633;637;642;648;653;653;657;663;666;667;670;677;685;693;697;704;714;721;730;734;737;746;752;760;767;776;784;790;798;807;818;826;836;843;852;862;870;879;885;893;900;907;910;915;923;930;939;945;953;962;969;974;981;989;996;1004;1014;1023;1034;1039;1045;1053;1062;1072;1080;1089;1096;1104;1110;1117;1126;1134;1144;1153;1163;1171;1180;1188;1198;1206;1215;1223;1230;1240;1250;1259;1269;1278;1289;1298;1309;1319;1327;1336;1344;1351;1360;1367;1376;1383;1391;1400;1407;1416;1424;1431;1440;1448;1458;1467;1475;1485;1494;1502;1507;1510;1516;1523;1532;1540;1550;1558;1567;1575;1583;1591;1601;1610;1618;1628;1635;1641;1649;1659;1670;1679;1689;1697;1704;1710;1717;1720;1725;1731;1734;1738;1744;1750;1754;1760;1763;1765;1771;1775;1780;1786;1792;1797;1803;1808;1812;1817;1824;1828;1833;1839;1846;1850;1855;1859;1862;1867;1871;1876;1882;1887;1895;1901;1908;1914;1919;1923;1928;1934;1938;1943;1949;1954;1960;1965;1969;1974;1978;1983;1987;1993;1998;2004;2007;2009;2011;2012;2014;2017;2020;2024;2027;2032;2036;2042;2046;2051;2055;2058;2062;2066;2069;2072;2074;2078;2081;2084;2089;2092;2095;2099;2102;2105;2109;2113;2115;2118;2122;2126;2129;2132;2134;2138;2141;2145;2148;2151;2153;2157;2160;2163;2167;2169;2172;2175;2179;2186;2192;2200;2207;2213;2219;2226;2235;2246;2256;2263;2272;2280;2286;2293;2302;2310;2317;2322;2330;2334;2336;2341;2345;2348;2353;2356;2361;2368;2372;2378;2383;2387;2393;2396;2398;2401;2406;2413;2421;2427;2432;2439;2448;2458;2466;2477;2485;2491;2503;2510;2515;2523;2534;2547;2561;2577;2589;2599;2608;2619
Вязниковский р-н;4;4;4;4;11;15;16;17;17;17;21;21;22;26;28;28;28;44;49;56;60;60;62;62;66;66;66;72;79;84;84;84;86;86;89;89;89;89;89;92;92;93;93;94;94;104;114;121;133;142;149;158;168;176;187;193;199;203;210;215;221;226;228;235;239;242;245;250;256;258;258;263;266;269;273;275;277;277;279;283;284;284;284;284;287;287;287;288;290;290;291;291;291;291;291;292;292;294;294;294;298;300;300;300;300;303;305;306;306;308;310;311;313;314;318;324;324;324;324;331;334;337;340;340;343;343;346;346;350;358;360;360;363;367;370;374;380;382;382;382;388;388;389;391;391;391;391;396;400;403;405;405;407;411;414;414;418;421;425;425;427;430;434;434;434;438;438;438;443;446;447;448;450;453;455;455;455;457;457;463;470;474;482;492;500;505;512;518;522;527;531;536;542;549;558;568;577;584;592;599;608;616;622;629;635;643;649;657;664;669;675;682;690;699;706;712;720;727;737;746;756;769;780;792;802;811;821;829;836;845;853;863;871;880;888;895;903;912;921;929;936;944;953;967;969;975;980;989;995;1003;1010;1019;1026;1034;1038;1043;1051;1058;1066;1073;1079;1088;1096;1105;1112;1120;1127;1133;1135;1140;1144;1150;1153;1155;1158;1160;1161;1161;1164;1168;1175;1178;1178;1178;1178;1178;1179;1179;1179;1179;1179;1179;1179;1179;1183;1186;1187;1187;1187;1187;1189;1192;1193;1193;1193;1193;1193;1197;1198;1198;1198;1198;1198;1198;1198;1198;1198;1198;1200;1203;1206;1208;1211;1212;1214;1215;1215;1216;1218;1221;1224;1225;1226;1227;1227;1227;1227;1230;1234;1237;1240;1242;1244;1245;1246;1246;1246;1246;1246;1246;1246;1246;1246;1246;1246;1246;1250;1255;1257;1258;1259;1259;1259;1259;1259;1260;1261;1264;1267;1269;1272;1272;1272;1272;1274;1277;1279;1282;1283;1285;1286;1287;1288;1290;1292;1293;1296;1300;1302;1303;1304;1305;1307;1310;1312;1314;1317;1319;1321;1324;1326;1330;1333;1335;1337;1340;1342;1344;1346;1349;1352;1355;1359;1364;1369;1377;1383;1390;1396;1401;1408;1414;1424;1432;1443;1457;1469;1479;1492;1507;1519;1528;1542;1553;1561;1573;1586;1602;1617;1634;1648;1663;1676;1690;1708;1724;1739;1756;1768;1778;1789;1798;1807;1817;1825;1836;1848;1857;1867;1878;1891;1903;1914;1928;1940;1951;1961;1974;1986;1996;2007;2017
Гороховецкий р-н;4;4;4;4;4;4;4;5;6;6;6;6;6;6;6;6;6;6;6;6;6;6;9;9;11;11;11;11;11;11;11;11;11;11;11;11;11;11;11;11;11;11;11;11;11;13;13;13;13;13;13;14;17;17;18;18;18;22;24;24;26;26;26;26;26;27;28;30;30;30;30;30;30;32;32;32;32;32;33;33;33;33;33;33;37;37;37;37;37;37;37;37;37;37;37;37;37;37;37;37;37;38;38;41;43;45;46;48;48;50;52;53;56;58;58;58;63;66;67;67;68;68;72;73;73;74;77;79;79;80;80;83;87;87;87;87;87;89;95;95;95;95;95;95;98;102;108;112;112;112;117;121;124;128;133;136;136;136;136;136;136;136;136;136;140;143;148;148;151;153;156;161;168;171;175;181;185;192;194;195;195;197;197;204;208;214;222;229;235;240;244;250;257;262;265;269;274;280;284;289;295;299;302;307;314;320;327;331;336;342;349;355;361;366;370;377;383;391;397;402;410;417;422;429;436;446;455;462;470;477;483;490;494;499;505;510;514;519;525;529;534;540;544;544;546;552;558;565;574;580;587;593;598;604;611;615;620;626;632;637;640;645;649;655;660;664;665;665;666;668;668;668;670;671;673;673;675;677;678;681;683;685;685;687;688;689;691;693;694;695;695;695;695;695;695;695;695;695;695;695;695;695;695;695;695;695;695;695;695;695;695;695;695;695;695;695;695;695;695;695;695;695;695;695;695;695;695;695;698;701;703;705;706;707;707;707;707;709;711;714;716;719;721;724;725;726;727;727;727;727;727;727;727;727;727;727;727;727;729;731;732;733;734;735;736;737;737;737;737;737;737;737;737;737;737;737;737;738;739;740;741;742;743;744;745;746;746;746;746;746;746;746;746;746;746;746;747;748;749;750;751;751;751;751;751;753;754;755;756;758;761;763;765;768;772;776;781;785;791;795;798;803;811;817;826;833;841;847;856;863;872;882;890;897;903;908;917;925;935;939;945;948;950;950;953;959;963;968;974;978;985;994;1002;1009;1015;1019;1020;1025;1032;1040;1046;1050;1053;1058;1065;1069;1072;1074;1076;1077;1079;1083
Гусь-Хрустальный р-н;108;109;111;114;115;126;155;169;174;196;196;217;254;273;279;280;293;295;305;313;325;338;344;361;368;377;387;398;405;413;419;427;436;449;465;483;497;521;537;552;558;572;586;599;601;606;614;623;634;641;650;658;665;670;676;683;689;696;701;708;716;722;725;731;738;740;745;745;746;746;746;746;754;761;767;773;774;774;778;781;781;781;788;795;799;803;807;812;817;820;824;824;827;832;835;837;840;840;842;842;842;842;845;847;850;854;858;863;869;874;878;883;887;893;898;900;903;906;908;914;921;927;929;931;935;939;941;943;947;947;950;955;961;965;966;972;973;978;983;983;985;987;994;1002;1007;1015;1023;1032;1039;1049;1058;1068;1080;1093;1103;1112;1122;1131;1143;1154;1167;1183;1198;1214;1229;1246;1261;1275;1291;1306;1320;1336;1346;1355;1368;1379;1392;1400;1415;1426;1442;1456;1469;1480;1487;1496;1509;1521;1533;1546;1558;1572;1588;1606;1623;1641;1657;1674;1692;1710;1726;1741;1758;1774;1788;1804;1819;1835;1850;1864;1882;1898;1912;1930;1947;1961;1977;1995;2012;2027;2044;2063;2084;2104;2122;2138;2156;2177;2196;2216;2238;2259;2282;2301;2321;2343;2367;2389;2407;2428;2448;2470;2488;2503;2519;2536;2553;2571;2588;2608;2625;2645;2662;2680;2696;2713;2728;2746;2762;2781;2798;2813;2829;2843;2860;2875;2892;2910;2929;2946;2965;2983;3000;3018;3034;3051;3067;3084;3102;3120;3137;3156;3172;3189;3204;3220;3235;3251;3265;3280;3297;3316;3333;3353;3370;3385;3401;3419;3436;3456;3466;3483;3499;3513;3526;3536;3541;3544;3551;3555;3565;3574;3582;3589;3596;3604;3613;3620;3626;3633;3639;3647;3656;3663;3669;3676;3684;3691;3699;3705;3712;3719;3725;3732;3740;3746;3754;3760;3767;3775;3784;3792;3799;3805;3810;3816;3822;3827;3833;3840;3846;3853;3858;3864;3871;3876;3882;3887;3894;3900;3905;3910;3916;3921;3925;3930;3934;3938;3943;3949;3954;3960;3967;3972;3978;3985;3990;3994;4001;4006;4012;4017;4023;4027;4032;4036;4042;4049;4055;4060;4064;4070;4075;4080;4087;4092;4098;4102;4107;4112;4116;4121;4127;4132;4136;4142;4147;4154;4160;4168;4177;4187;4200;4216;4231;4249;4270;4295;4318;4340;4366;4389;4410;4435;4458;4479;4503;4530;4560;4585;4613;4637;4659;4680;4706;4728;4748;4773;4801;4825;4850;4872;4895;4921;4942;4966;4995;5017;5040;5062;5083;5105;5129;5150;5173;5195;5219;5238;5259;5279;5296;5318;5337;5358;5380;5400;5424;5445;5468;5492;5512;5534
Камешковский р-н;9;9;9;11;13;16;17;18;22;22;22;27;31;31;33;33;35;36;36;36;39;40;40;41;42;42;43;43;43;43;45;46;46;46;48;50;50;52;52;52;52;52;52;52;52;52;52;52;52;52;52;52;52;56;56;58;62;62;62;64;66;66;67;67;67;68;70;70;70;72;72;72;74;74;74;75;75;75;76;76;76;76;76;76;76;76;76;76;76;77;78;78;78;78;79;79;79;79;79;79;79;80;80;80;80;80;81;81;82;82;82;82;82;82;82;82;82;83;83;83;83;84;84;84;87;87;87;87;87;88;89;89;90;90;90;91;92;92;92;93;93;95;95;95;95;96;97;97;98;98;98;99;100;100;100;100;100;100;100;100;100;104;107;109;109;111;111;115;115;115;115;115;115;115;115;115;115;116;120;127;132;138;146;152;157;164;168;174;179;185;186;190;197;203;203;208;211;215;216;217;220;222;226;231;237;242;246;251;257;264;268;273;281;287;289;296;301;308;314;320;327;333;341;347;354;361;369;372;377;383;387;394;399;406;409;413;418;424;429;436;440;445;451;456;459;464;468;471;472;477;483;483;487;491;496;499;505;510;514;519;522;526;527;531;536;543;548;551;553;553;556;556;558;560;561;563;567;570;572;574;577;579;581;585;590;591;592;594;596;600;602;604;606;607;609;610;614;619;624;624;627;628;630;631;634;636;637;641;641;643;644;646;647;648;649;650;651;652;653;654;655;657;658;660;661;663;663;665;666;667;669;669;670;671;671;673;673;673;674;674;675;676;677;678;678;678;678;678;678;678;678;680;682;683;684;686;687;688;689;691;692;694;696;697;698;700;704;706;709;711;713;717;722;725;727;729;732;734;737;739;741;744;746;748;751;752;753;755;756;757;759;762;764;767;771;775;777;780;782;785;788;792;795;799;803;805;808;812;815;818;822;826;831;834;838;843;848;852;857;863;868;875;879;885;890;897;903;912;919;925;930;935;937;941;941;943;948;952;955;960;963;968;971;973;977;980;982;983;986;988;991;995;997;1001;1004;1010;1015;1021;1025;1030;1037;1043;1046;1048;1052;1055;1057;1062;1066;1072;1077;1080
Киржачский р-н;26;26;26;26;29;29;36;37;38;42;45;48;49;50;57;57;57;57;57;59;61;63;63;63;66;66;69;72;72;75;76;76;76;77;78;78;78;82;84;85;89;89;96;96;97;97;97;97;97;101;103;103;103;103;105;109;112;115;115;117;119;119;120;122;122;124;124;124;126;126;126;126;126;127;127;128;128;128;130;130;130;130;131;131;131;131;131;133;134;134;136;137;137;137;137;137;137;137;139;139;139;139;139;139;139;139;139;139;139;139;139;139;139;140;140;140;141;141;143;143;143;143;144;145;146;147;147;147;147;147;147;147;147;147;148;148;149;149;149;149;149;149;149;149;149;149;149;149;149;149;152;152;155;155;155;155;155;155;155;155;155;155;155;155;155;155;155;155;155;155;155;155;155;155;155;155;155;155;155;158;159;159;159;159;159;159;159;159;159;159;162;166;171;174;177;177;177;177;177;177;177;181;186;191;197;205;210;214;220;227;230;232;237;243;246;251;257;261;264;270;277;282;288;295;301;306;314;324;331;337;342;348;352;357;364;370;375;381;388;393;399;406;411;420;430;442;448;452;455;460;465;466;469;474;480;485;492;497;503;507;512;516;522;527;531;537;543;550;556;561;568;574;579;584;591;597;602;608;615;622;628;636;645;652;658;666;672;675;677;682;688;696;701;704;706;710;716;724;731;734;737;739;743;745;748;752;759;764;768;771;774;775;775;776;779;780;783;787;790;794;799;803;806;812;815;819;821;822;826;831;835;838;843;847;852;857;858;862;865;870;874;877;880;885;889;894;898;904;909;913;918;923;929;934;940;944;948;951;954;958;963;969;974;978;982;987;990;994;999;1002;1004;1007;1008;1010;1014;1016;1019;1023;1025;1028;1032;1034;1036;1039;1041;1044;1047;1049;1050;1052;1053;1054;1056;1057;1058;1060;1061;1063;1064;1066;1068;1069;1071;1073;1076;1078;1079;1081;1084;1086;1089;1093;1096;1098;1102;1107;1111;1115;1120;1127;1133;1139;1146;1154;1160;1165;1172;1181;1187;1195;1205;1211;1216;1224;1235;1248;1262;1273;1282;1288;1295;1306;1315;1320;1328;1338;1345;1354;1362;1369;1377;1384;1392;1398;1403;1412;1420;1427;1435;1444;1450;1457;1465;1474;1480;1487;1495;1501;1509;1516;1526;1535
Ковровский р-н;105;106;121;121;121;138;138;150;152;156;162;165;166;179;183;185;188;194;195;197;200;206;214;216;221;227;230;234;234;235;236;237;238;238;242;242;243;245;246;248;251;254;256;258;261;267;272;277;284;287;292;297;301;304;309;310;313;318;321;326;328;328;333;339;344;348;353;358;365;369;375;381;388;393;398;404;411;418;423;427;432;438;439;445;448;451;453;457;465;471;474;479;485;489;492;495;497;500;504;507;510;513;515;519;521;524;529;531;534;535;535;537;538;539;542;549;551;553;555;556;561;564;567;570;570;574;577;580;582;585;590;591;594;598;600;601;605;607;607;612;614;614;615;617;620;620;620;622;624;626;629;634;634;637;637;641;646;653;657;659;665;665;671;678;686;692;699;705;714;720;724;733;745;755;763;773;778;792;801;811;819;826;835;841;851;859;868;876;886;897;907;918;927;937;948;956;965;975;982;991;999;1009;1018;1026;1033;1039;1047;1054;1062;1068;1077;1084;1092;1101;1109;1119;1128;1139;1148;1159;1172;1187;1201;1213;1226;1237;1251;1263;1277;1290;1301;1315;1327;1337;1348;1357;1368;1376;1386;1397;1406;1416;1428;1441;1458;1474;1487;1497;1509;1520;1527;1536;1546;1554;1565;1575;1584;1595;1605;1613;1622;1632;1644;1652;1662;1672;1681;1689;1696;1705;1713;1720;1729;1739;1748;1756;1766;1777;1786;1794;1805;1817;1827;1836;1847;1857;1869;1880;1893;1902;1910;1920;1927;1938;1950;1958;1967;1975;1978;1987;1993;1998;2004;2008;2015;2021;2025;2029;2034;2037;2041;2046;2048;2052;2055;2060;2066;2073;2079;2085;2090;2095;2101;2106;2113;2119;2124;2130;2135;2138;2142;2147;2153;2160;2165;2171;2178;2183;2185;2187;2190;2193;2197;2202;2208;2213;2217;2222;2228;2233;2240;2246;2251;2257;2262;2268;2273;2277;2280;2284;2288;2293;2297;2302;2306;2310;2315;2318;2321;2326;2330;2334;2339;2343;2346;2351;2355;2358;2362;2365;2370;2374;2377;2381;2384;2388;2390;2393;2397;2400;2403;2407;2410;2413;2415;2418;2421;2425;2429;2432;2437;2440;2444;2449;2453;2457;2460;2465;2471;2478;2484;2492;2499;2505;2513;2522;2534;2548;2561;2577;2592;2609;2629;2653;2675;2695;2711;2730;2751;2774;2798;2824;2845;2868;2889;2913;2939;2962;2989;3019;3045;3072;3096;3121;3140;3161;3184;3209;3233;3255;3276;3299;3321;3341;3365;3386;3406;3425;3443;3463;3479;3497;3518;3540;3560;3583;3604;3626;3650;3671;3694;3714
Кольчугинский р-н;61;64;64;71;71;75;77;78;78;83;90;94;95;98;100;102;102;103;104;106;106;106;106;108;109;109;109;113;113;113;115;115;115;117;120;125;128;128;128;128;132;132;132;136;137;137;137;137;137;137;137;137;139;139;139;142;145;145;149;149;154;157;160;162;163;166;168;171;171;176;178;180;181;183;186;189;190;192;194;194;194;194;194;194;196;198;200;200;200;200;201;201;202;203;204;206;209;209;209;209;209;209;209;210;212;212;212;212;212;212;212;212;213;214;214;214;214;214;214;214;217;217;217;219;219;219;220;221;221;221;222;222;223;226;228;228;228;228;228;228;228;228;229;229;230;230;230;230;230;230;230;230;230;230;231;231;231;231;231;231;231;231;231;236;242;247;250;253;257;262;268;272;278;281;286;291;298;307;313;317;320;324;328;331;337;341;346;351;357;362;368;375;380;388;395;400;406;415;423;423;428;434;439;446;452;457;463;471;475;481;488;493;497;503;510;519;527;534;543;550;554;558;564;569;576;585;595;603;612;620;627;633;641;648;653;659;663;668;674;679;686;692;700;706;717;727;736;744;753;760;767;776;784;789;793;798;805;809;815;820;827;835;842;847;853;859;866;872;880;885;889;895;901;906;915;922;928;935;940;946;953;961;967;976;986;994;1003;1011;1021;1028;1037;1045;1051;1058;1064;1073;1075;1078;1086;1095;1103;1110;1117;1127;1138;1144;1147;1154;1160;1165;1171;1175;1180;1184;1190;1195;1202;1207;1211;1216;1222;1225;1230;1234;1238;1243;1249;1256;1259;1264;1268;1271;1271;1274;1278;1283;1290;1295;1301;1307;1312;1317;1324;1329;1334;1341;1345;1349;1352;1354;1359;1363;1368;1373;1379;1384;1384;1386;1388;1392;1397;1403;1408;1413;1417;1422;1425;1429;1432;1437;1441;1446;1452;1456;1458;1461;1465;1468;1470;1473;1474;1475;1476;1479;1481;1484;1488;1491;1493;1496;1497;1498;1500;1503;1505;1506;1508;1511;1513;1516;1517;1518;1519;1520;1521;1522;1523;1524;1525;1526;1528;1529;1531;1534;1537;1541;1544;1546;1550;1551;1551;1554;1559;1566;1572;1581;1588;1594;1603;1611;1620;1627;1639;1647;1655;1660;1667;1677;1683;1688;1695;1704;1715;1728;1738;1750;1765;1779;1792;1803;1813;1822;1830;1840;1849;1860;1869;1877;1884;1893;1904;1914;1922;1929;1937;1946;1956;1964;1973;1980;1988;2000
Меленковский р-н;12;12;12;14;16;18;18;22;22;25;28;31;31;31;33;33;34;36;37;37;38;40;40;40;43;48;49;49;49;49;50;54;54;55;57;57;58;63;63;63;65;65;69;71;74;74;74;77;77;77;79;79;79;79;81;84;86;86;86;87;87;91;91;94;98;100;100;100;104;104;108;111;111;114;116;117;120;122;125;126;126;126;129;131;133;134;138;140;140;140;141;143;145;147;148;148;149;149;151;152;152;154;156;157;158;161;163;167;170;174;176;179;183;188;189;189;190;192;195;195;195;197;197;198;198;198;198;199;200;200;200;203;203;204;204;204;204;204;204;204;205;207;207;207;209;209;209;209;209;209;210;210;210;211;211;211;212;212;212;212;214;215;219;219;219;221;223;223;224;227;229;230;230;231;234;236;236;239;239;241;243;244;247;249;250;252;254;255;256;260;265;269;271;274;278;283;289;294;300;305;309;315;322;330;335;339;345;350;354;357;362;369;373;378;384;389;396;404;408;414;421;426;430;435;438;442;447;451;457;462;468;472;477;480;484;489;493;496;501;503;507;510;512;515;515;515;516;519;522;524;527;531;536;539;541;544;546;549;551;553;556;557;560;564;566;569;573;575;578;581;586;589;594;600;607;613;618;625;631;636;643;648;654;659;661;664;668;673;679;685;692;698;700;703;707;712;718;726;733;741;747;752;759;764;770;774;776;778;783;787;791;794;796;797;798;800;802;803;805;806;807;809;810;812;813;815;818;819;821;822;823;825;827;830;832;835;837;840;843;847;849;851;854;856;858;861;863;866;868;871;873;876;877;879;881;883;884;886;888;890;891;891;891;891;893;895;896;897;897;898;898;899;900;902;904;906;907;908;910;911;912;914;916;917;919;921;922;924;925;926;928;930;932;933;934;936;937;939;940;942;943;946;948;949;952;954;956;958;960;963;965;968;971;976;980;987;993;999;1004;1011;1017;1024;1029;1037;1044;1053;1059;1067;1078;1087;1094;1102;1107;1117;1124;1128;1131;1136;1142;1150;1157;1162;1171;1181;1189;1196;1205;1212;1218;1223;1227;1232;1236;1242;1245;1252;1257;1261;1264;1266;1270;1275;1281;1284;1288;1293;1300;1304;1307;1313;1318;1322
Муромский р-н и о. Муром;105;107;110;112;118;118;120;125;125;130;145;152;160;167;173;174;175;185;187;206;209;211;215;215;219;222;233;243;252;256;261;270;278;289;295;300;306;310;317;323;327;337;341;341;344;344;352;355;364;364;364;366;373;375;375;377;377;382;382;382;382;382;388;395;403;410;415;420;426;431;431;437;441;448;453;460;467;470;474;477;480;485;489;491;493;496;499;502;506;508;511;515;518;521;525;530;535;538;542;546;549;551;553;555;557;561;563;568;572;575;576;579;582;585;587;589;592;595;600;604;604;608;609;613;616;619;623;628;631;632;635;637;637;640;645;648;648;650;650;650;654;659;665;670;678;685;687;693;696;703;713;721;731;742;751;761;769;780;790;803;817;832;848;865;879;894;907;922;943;960;975;986;1000;1014;1030;1040;1057;1066;1083;1097;1112;1129;1147;1160;1170;1183;1197;1210;1223;1237;1252;1268;1285;1303;1319;1334;1351;1366;1380;1397;1412;1429;1445;1460;1477;1495;1511;1526;1539;1555;1570;1586;1600;1616;1633;1648;1662;1675;1690;1707;1726;1747;1767;1786;1806;1824;1841;1861;1879;1900;1917;1935;1951;1968;1983;2002;2018;2036;2051;2068;2084;2099;2117;2131;2146;2164;2180;2196;2213;2228;2244;2258;2273;2289;2303;2318;2334;2351;2365;2380;2396;2413;2428;2444;2458;2473;2490;2506;2524;2541;2556;2572;2586;2602;2617;2634;2648;2666;2683;2699;2717;2733;2748;2764;2778;2795;2814;2832;2849;2864;2880;2897;2916;2934;2948;2964;2977;2994;3012;3029;3045;3064;3082;3097;3113;3128;3144;3158;3171;3183;3195;3205;3214;3222;3230;3239;3246;3254;3261;3266;3272;3278;3286;3292;3299;3304;3310;3315;3321;3326;3332;3339;3347;3354;3361;3366;3372;3378;3385;3391;3399;3408;3414;3421;3427;3432;3438;3443;3448;3456;3462;3467;3473;3478;3483;3489;3496;3501;3506;3512;3519;3524;3531;3537;3542;3547;3553;3558;3565;3571;3578;3583;3590;3596;3601;3605;3610;3616;3620;3626;3631;3637;3642;3649;3653;3659;3663;3668;3674;3680;3685;3689;3695;3700;3706;3713;3719;3724;3729;3734;3740;3745;3750;3754;3759;3764;3770;3774;3780;3787;3797;3810;3822;3839;3855;3875;3898;3924;3946;3971;3998;4022;4047;4074;4098;4120;4141;4164;4184;4211;4234;4259;4279;4298;4322;4342;4361;4384;4406;4423;4443;4461;4481;4503;4528;4549;4568;4588;4609;4629;4651;4672;4695;4719;4741;4760;4781;4799;4819;4838;4853;4871;4887;4907;4926;4947;4965;4987;5006;5028;5048;5071
Петушинский р-н;208;265;265;265;266;266;266;266;275;276;276;276;295;301;305;318;337;343;353;355;355;369;376;380;380;380;380;382;396;400;404;404;411;421;421;421;432;432;440;450;455;462;466;472;482;485;485;485;485;491;499;504;511;519;523;526;530;537;543;551;556;561;565;565;571;575;581;586;592;598;605;609;615;619;624;630;633;635;635;641;645;647;652;652;652;654;656;657;657;657;657;659;659;661;663;664;664;665;665;668;672;674;674;677;679;679;680;680;680;680;680;680;680;680;681;682;683;683;684;685;685;686;686;687;689;689;689;690;691;691;694;697;697;697;697;697;697;697;702;705;705;708;708;709;709;710;712;712;713;714;714;720;724;724;726;730;730;735;735;739;744;751;752;755;755;755;760;763;763;763;764;767;773;778;782;790;795;798;800;803;811;819;826;834;843;850;857;862;869;877;884;890;895;900;908;914;921;926;931;937;942;944;946;946;946;946;949;952;952;952;952;952;956;961;965;968;972;978;983;990;998;1008;1017;1028;1038;1045;1051;1060;1065;1071;1079;1085;1092;1101;1109;1115;1124;1131;1139;1148;1158;1164;1173;1181;1191;1204;1215;1223;1232;1242;1255;1267;1274;1284;1293;1301;1310;1320;1328;1337;1346;1353;1361;1371;1380;1388;1397;1407;1414;1423;1431;1440;1450;1459;1467;1475;1485;1494;1500;1503;1503;1503;1509;1516;1524;1533;1539;1547;1554;1563;1573;1581;1590;1595;1602;1610;1615;1621;1625;1628;1632;1635;1641;1646;1650;1655;1657;1661;1665;1667;1672;1675;1677;1678;1681;1683;1683;1686;1688;1691;1695;1698;1702;1706;1711;1714;1718;1723;1724;1727;1730;1734;1739;1742;1746;1751;1755;1758;1762;1764;1768;1771;1773;1776;1780;1785;1791;1798;1802;1806;1812;1817;1823;1827;1832;1838;1843;1849;1853;1858;1862;1867;1873;1879;1884;1887;1889;1891;1894;1898;1901;1906;1910;1914;1919;1922;1925;1927;1930;1934;1938;1941;1943;1945;1948;1950;1951;1953;1956;1960;1963;1967;1970;1974;1979;1983;1986;1988;1991;1995;1997;2000;2004;2007;2010;2012;2015;2019;2022;2029;2037;2043;2050;2056;2063;2071;2081;2090;2101;2111;2119;2128;2135;2145;2153;2164;2173;2180;2190;2202;2216;2229;2245;2253;2264;2272;2278;2286;2294;2301;2306;2316;2323;2332;2338;2342;2349;2357;2366;2376;2385;2393;2400;2410;2418;2427;2437;2448;2457;2467;2475;2487;2496;2503;2512;2520;2530;2539;2546;2555;2566;2576
Селивановский р-н;1;1;1;2;2;2;2;3;3;3;3;4;5;5;7;7;7;7;7;8;8;8;8;8;10;14;15;15;15;15;18;22;24;24;24;24;24;24;24;24;25;25;25;26;26;26;26;26;26;26;26;29;29;29;31;31;31;31;31;32;32;32;32;33;33;34;34;35;35;35;35;35;35;35;35;35;35;35;36;36;36;36;38;38;38;38;38;38;38;38;38;38;38;39;40;40;40;42;43;46;46;46;48;49;49;51;53;55;57;57;57;58;58;59;59;59;61;63;66;69;69;69;69;71;71;73;74;74;77;81;82;87;91;95;100;103;107;110;113;113;114;116;120;126;131;137;138;140;140;145;147;147;147;150;154;160;163;163;163;163;167;170;175;179;182;185;186;188;192;198;203;205;207;208;212;214;217;218;219;223;226;228;229;229;230;231;234;236;239;242;245;247;250;254;257;259;263;266;268;272;277;282;285;291;294;299;303;306;309;312;314;318;320;323;326;330;332;337;342;346;352;357;363;367;372;378;382;385;390;394;400;403;407;411;414;416;421;425;428;432;434;438;441;443;443;443;445;449;451;454;455;458;462;464;468;473;477;480;484;486;489;491;494;496;498;502;505;510;513;517;523;528;532;537;541;546;552;555;558;560;560;560;563;565;569;571;572;573;576;579;581;582;584;586;588;591;595;598;601;603;603;604;607;608;609;611;613;616;620;622;623;624;625;627;629;630;631;633;634;635;637;639;640;641;642;644;646;647;649;651;652;653;655;656;658;659;661;662;663;663;664;666;667;667;669;670;671;672;674;675;676;678;679;680;682;683;684;685;687;687;688;689;689;689;690;690;690;690;690;690;690;691;691;691;692;693;694;695;697;698;699;701;702;703;704;706;707;709;710;711;712;714;715;716;716;716;717;718;719;719;719;720;721;721;722;723;725;726;728;729;731;734;736;739;744;747;751;754;756;759;763;766;768;772;775;780;783;785;789;792;797;801;804;808;810;813;814;816;819;825;829;832;837;839;843;845;847;848;850;852;853;856;858;860;863;867;868;870;873;875;877;878;881;883;885;888;891;895;898;903;907;910
Собинский р-н;32;32;33;38;38;43;43;45;45;49;53;54;58;58;65;65;66;71;74;76;77;77;86;88;89;89;89;89;89;90;94;104;107;115;115;117;123;134;147;158;163;171;180;187;197;206;215;222;223;229;236;242;248;254;259;261;263;263;263;267;267;275;281;286;286;286;287;290;290;295;298;298;299;300;300;300;303;306;306;308;309;309;309;309;309;309;309;309;309;310;310;310;310;310;310;310;310;310;310;310;310;311;311;311;311;311;312;312;312;312;312;312;312;312;313;313;313;313;313;313;313;314;314;314;314;316;317;318;318;318;318;318;318;318;318;320;322;322;322;322;322;322;322;322;322;322;322;322;322;322;322;322;322;322;327;333;338;345;349;356;359;361;364;368;370;373;375;380;382;386;391;394;394;397;399;404;408;413;416;420;422;425;427;428;431;433;436;437;439;442;445;450;452;454;458;463;465;467;471;476;482;483;487;492;495;499;505;510;517;523;529;533;538;541;547;551;553;553;556;560;568;574;578;581;582;582;582;587;593;600;605;613;619;626;631;635;638;642;647;650;656;661;666;669;675;678;682;685;687;690;694;696;700;703;708;715;720;726;731;735;740;743;748;755;760;764;769;771;775;780;786;793;799;806;814;818;820;827;833;838;839;843;846;848;852;858;863;866;870;872;873;876;879;886;894;897;900;901;903;907;912;913;913;916;918;920;926;928;928;928;928;930;933;937;940;944;947;949;952;956;957;957;957;960;962;963;964;965;968;972;975;977;980;982;982;984;986;987;988;989;989;989;990;992;994;995;997;999;1001;1002;1004;1006;1009;1011;1012;1012;1013;1013;1013;1013;1013;1013;1013;1013;1013;1013;1013;1013;1013;1013;1013;1013;1013;1015;1018;1019;1021;1022;1024;1025;1026;1027;1028;1030;1031;1032;1034;1035;1036;1038;1039;1040;1042;1044;1045;1046;1048;1049;1051;1052;1054;1056;1057;1059;1060;1061;1063;1064;1066;1068;1071;1073;1077;1080;1085;1090;1097;1103;1108;1115;1120;1126;1134;1140;1149;1156;1164;1174;1181;1190;1201;1210;1222;1229;1234;1241;1249;1255;1264;1272;1281;1286;1294;1304;1311;1322;1331;1340;1348;1357;1365;1374;1384;1392;1401;1408;1416;1423;1431;1437;1446;1453;1463;1474;1484;1493;1501;1508;1520;1530;1539;1546
Судогодский р-н;37;37;37;45;46;50;53;59;59;59;59;62;62;62;65;66;69;69;70;70;73;73;76;76;79;79;84;88;94;94;95;95;95;95;96;100;101;102;102;102;103;103;103;107;110;110;110;112;114;114;116;116;116;120;120;123;123;123;127;127;131;133;136;136;140;143;143;146;148;148;153;155;155;155;155;156;156;156;156;156;156;156;156;156;157;157;158;158;158;158;159;159;159;159;159;159;159;160;160;160;160;160;160;160;160;160;160;160;160;160;160;160;160;160;160;161;162;163;163;163;163;163;164;165;166;166;166;167;167;167;167;167;167;167;168;168;168;169;173;174;174;174;174;174;174;174;174;175;176;176;176;176;176;176;176;176;176;176;178;179;179;179;179;179;180;180;180;180;180;183;183;183;183;183;188;190;191;191;191;191;193;193;193;193;193;195;196;196;196;196;196;197;200;203;203;203;204;207;208;208;208;211;213;214;216;217;219;220;220;220;220;223;225;226;227;230;230;230;231;233;234;235;236;237;238;239;240;241;242;243;243;244;245;246;247;248;249;250;251;252;253;254;254;254;254;254;254;254;254;254;254;255;256;256;257;259;261;262;263;267;270;272;274;278;281;286;290;296;300;303;307;310;312;315;317;322;328;332;337;341;347;354;360;366;369;371;376;380;385;391;394;395;398;400;404;407;409;410;411;411;412;414;418;420;422;426;428;430;431;431;431;432;433;435;437;438;438;438;440;443;445;447;447;448;449;449;450;452;452;454;455;457;459;460;462;463;464;465;466;466;467;468;469;469;469;469;471;473;475;477;479;482;483;485;487;488;489;490;491;493;494;495;496;497;498;498;498;499;499;499;500;501;501;501;501;501;501;502;503;504;505;506;507;507;508;509;511;512;513;514;515;517;518;518;519;520;522;523;524;525;526;527;528;530;531;532;534;536;537;538;539;541;544;548;554;559;563;568;573;576;581;588;593;597;603;608;612;614;620;625;632;635;637;642;642;646;654;661;664;668;668;668;668;668;673;675;678;680;682;685;687;690;692;693;693;693;694;694;696;699;700;701;702;704;705;706;706;707;707;707;708;708
Суздальский р-н;11;13;16;16;17;17;19;19;20;20;22;23;24;24;25;27;29;31;31;31;31;38;38;39;43;43;45;47;49;50;54;54;54;56;57;57;57;57;59;60;62;62;64;64;65;65;65;67;69;70;70;71;71;71;72;72;74;74;74;75;75;77;80;80;81;81;83;83;83;85;85;87;87;87;87;88;89;89;89;89;90;90;90;90;93;95;95;95;95;96;97;97;97;97;97;97;97;98;98;99;101;103;105;105;105;105;105;105;105;108;111;113;114;114;115;115;115;115;115;115;118;121;123;124;124;124;126;126;127;129;131;131;133;133;134;137;137;139;141;144;144;144;145;147;147;148;151;154;159;162;162;163;165;168;168;170;172;172;189;193;193;196;196;197;197;199;199;201;201;201;205;208;208;213;215;222;225;229;231;236;237;239;242;246;251;256;260;265;269;271;276;280;286;295;301;308;316;323;331;340;347;353;361;361;366;371;378;386;392;399;404;410;417;422;430;437;443;448;456;465;475;483;489;494;503;511;518;526;534;540;547;554;563;571;581;590;597;605;614;621;629;636;642;647;651;654;661;670;680;688;691;697;704;710;718;725;730;738;745;750;754;761;767;772;779;787;794;799;805;812;816;820;823;827;829;834;841;849;858;868;877;884;892;901;911;919;926;932;939;947;955;961;966;970;972;975;978;983;984;988;994;999;1004;1010;1014;1017;1019;1024;1027;1034;1040;1045;1049;1052;1052;1054;1057;1061;1064;1069;1073;1076;1080;1085;1091;1096;1100;1104;1106;1108;1111;1115;1120;1125;1131;1136;1140;1144;1146;1149;1151;1152;1155;1157;1160;1164;1168;1171;1173;1176;1177;1179;1181;1184;1186;1188;1190;1193;1195;1198;1202;1206;1211;1214;1216;1219;1221;1224;1226;1227;1229;1231;1233;1236;1237;1239;1241;1243;1244;1246;1247;1248;1249;1250;1251;1253;1254;1255;1256;1257;1258;1260;1261;1263;1264;1265;1266;1268;1269;1271;1273;1275;1276;1277;1278;1280;1283;1285;1287;1290;1293;1297;1300;1305;1311;1316;1321;1327;1333;1341;1351;1360;1371;1380;1388;1397;1404;1414;1422;1433;1442;1454;1468;1478;1491;1506;1524;1538;1549;1558;1570;1585;1598;1615;1628;1639;1649;1656;1665;1673;1682;1692;1699;1707;1716;1723;1733;1744;1753;1761;1771;1780;1792;1803;1813;1822;1830;1840;1847;1858;1868;1880
Юрьев-Польский р-н;35;35;35;37;37;38;41;41;41;45;46;50;50;52;52;53;53;55;57;59;59;60;64;64;66;74;74;74;77;81;87;93;100;104;104;105;113;116;122;125;128;133;140;148;158;164;164;164;164;169;171;175;178;178;182;182;186;190;196;196;200;204;204;205;205;208;212;216;216;222;227;233;237;238;238;238;241;245;245;248;252;257;257;257;257;258;260;262;262;264;264;268;271;274;277;278;278;280;280;280;283;286;289;290;293;293;293;293;294;294;297;297;297;297;297;298;298;298;298;298;299;300;303;303;305;305;305;306;308;308;308;308;308;308;308;308;308;308;309;313;313;316;316;319;320;320;322;324;324;325;325;328;332;332;336;341;345;345;345;346;346;351;353;355;358;358;361;365;365;365;367;372;375;382;385;392;397;403;407;412;415;419;424;426;433;439;442;449;457;464;468;474;477;479;485;491;496;502;509;517;523;530;536;543;549;553;558;565;573;581;590;597;606;615;625;633;642;652;660;669;679;687;696;706;717;729;742;753;765;774;784;795;805;813;822;832;839;847;856;866;874;883;893;905;918;925;934;944;952;963;975;984;994;1005;1017;1027;1038;1047;1059;1069;1078;1088;1097;1105;1111;1112;1116;1122;1127;1129;1135;1142;1150;1156;1163;1171;1177;1182;1189;1195;1197;1198;1199;1203;1206;1208;1212;1214;1218;1220;1221;1222;1224;1225;1227;1229;1234;1240;1245;1248;1255;1262;1264;1266;1269;1270;1273;1276;1276;1277;1279;1280;1281;1284;1288;1291;1293;1294;1295;1295;1297;1300;1300;1302;1303;1304;1304;1306;1307;1309;1310;1311;1313;1314;1315;1315;1315;1318;1320;1322;1324;1325;1325;1325;1326;1328;1329;1330;1332;1333;1335;1335;1337;1339;1340;1341;1343;1344;1346;1349;1351;1352;1353;1355;1358;1360;1363;1364;1365;1366;1367;1367;1370;1372;1375;1377;1379;1380;1382;1383;1385;1388;1392;1395;1399;1402;1405;1407;1410;1414;1417;1419;1421;1422;1423;1425;1428;1429;1430;1431;1433;1434;1435;1436;1437;1438;1439;1441;1443;1446;1449;1452;1456;1459;1464;1471;1476;1482;1487;1494;1503;1513;1521;1532;1541;1553;1563;1571;1582;1592;1599;1605;1608;1613;1622;1628;1635;1641;1646;1653;1659;1670;1680;1692;1701;1714;1722;1732;1743;1753;1762;1770;1779;1789;1798;1806;1814;1821;1830;1838;1848;1855;1864;1874;1885;1894;1903;1911;1921;1933;1942;1953
ЗАТО Радужный;5;5;5;5;5;5;5;5;5;5;7;7;7;7;7;7;21;24;24;24;24;24;24;24;24;24;25;25;25;26;26;26;26;26;26;26;26;26;27;27;27;27;27;27;27;28;28;28;31;31;31;31;31;34;34;37;37;37;38;39;39;39;40;40;40;40;41;41;43;45;45;45;45;45;46;47;47;49;51;51;54;54;54;56;56;56;56;56;56;56;58;58;58;58;60;60;60;60;60;60;60;60;62;63;63;63;63;63;63;64;65;65;65;65;65;65;66;67;67;67;67;67;67;67;67;68;69;69;69;69;69;70;70;70;70;70;70;70;70;70;70;70;70;70;71;71;71;72;72;72;72;72;72;73;74;74;74;74;74;74;74;74;74;74;76;76;78;78;78;82;85;85;85;89;91;93;94;96;99;99;99;99;99;99;105;109;111;115;121;126;130;132;132;132;132;135;138;138;140;142;145;147;150;152;157;160;161;162;167;169;169;169;169;169;171;174;176;177;181;186;192;199;202;202;203;208;214;218;223;228;233;236;238;240;243;245;248;252;254;255;256;258;260;262;265;267;268;269;270;272;273;275;278;282;284;286;287;290;292;293;294;296;299;301;304;307;307;307;308;309;312;316;319;322;324;326;328;331;334;336;337;338;340;341;343;344;344;344;344;344;344;345;346;346;346;347;348;349;349;349;349;351;351;352;353;354;354;354;356;357;357;358;358;359;361;362;362;364;365;365;366;367;369;370;371;371;373;375;376;377;379;379;379;380;381;382;384;385;388;389;390;390;390;391;392;393;394;395;396;397;397;397;397;397;398;398;398;398;398;398;398;398;398;398;398;398;399;399;399;400;400;400;400;400;400;400;400;400;400;400;401;402;403;404;405;406;407;409;410;412;413;414;415;417;418;420;421;422;423;425;426;428;429;430;431;432;433;434;435;436;437;439;441;444;448;451;454;456;459;461;464;466;470;473;478;482;485;490;493;497;498;498;498;498;505;513;516;516;516;516;516;516;520;520;524;524;524;524;526;528;529;531;533;536;538;540;541;544;545;547;548;550;551;554;558;563;569;572;579;584;587;590
